id,unit_id,resource,day,quantity
1,1,Fuel,2026-09-06,734.12
2,1,Fuel,2026-09-07,748.34
3,1,Fuel,2026-09-08,782.07
4,1,Fuel,2026-09-09,796.46
5,1,Fuel,2026-09-10,788.98
6,1,Fuel,2026-09-11,777.34
7,1,Fuel,2026-09-12,793.76
8,1,Fuel,2026-09-13,779.73
9,1,Fuel,2026-09-14,822.41
10,1,Fuel,2026-09-15,775.01
11,1,Fuel,2026-09-16,756.41
12,1,Fuel,2026-09-17,738.91
13,1,Fuel,2026-09-18,714.26
14,1,Fuel,2026-09-19,764.21
15,1,Fuel,2026-09-20,717.72
16,1,Fuel,2026-09-21,753.1
17,1,Fuel,2026-09-22,725.61
18,1,Fuel,2026-09-23,742.89
19,1,Fuel,2026-09-24,739.67
20,1,Fuel,2026-09-25,741.56
21,1,Fuel,2026-09-26,752.42
22,1,Fuel,2026-09-27,766.19
23,1,Fuel,2026-09-28,740.86
24,1,Fuel,2026-09-29,759.04
25,1,Fuel,2026-09-30,772.59
26,1,Fuel,2026-10-01,727.42
27,1,Fuel,2026-10-02,772.88
28,1,Fuel,2026-10-03,734.51
29,1,Fuel,2026-10-04,764.56
30,1,Fuel,2026-10-05,751.31
31,1,Food,2026-09-06,530.2
32,1,Food,2026-09-07,540.47
33,1,Food,2026-09-08,564.83
34,1,Food,2026-09-09,575.22
35,1,Food,2026-09-10,569.82
36,1,Food,2026-09-11,561.41
37,1,Food,2026-09-12,573.27
38,1,Food,2026-09-13,563.14
39,1,Food,2026-09-14,593.96
40,1,Food,2026-09-15,559.73
41,1,Food,2026-09-16,546.3
42,1,Food,2026-09-17,533.66
43,1,Food,2026-09-18,515.86
44,1,Food,2026-09-19,551.93
45,1,Food,2026-09-20,518.36
46,1,Food,2026-09-21,543.91
47,1,Food,2026-09-22,524.05
48,1,Food,2026-09-23,536.53
49,1,Food,2026-09-24,534.2
50,1,Food,2026-09-25,535.57
51,1,Food,2026-09-26,543.42
52,1,Food,2026-09-27,553.36
53,1,Food,2026-09-28,535.06
54,1,Food,2026-09-29,548.19
55,1,Food,2026-09-30,557.98
56,1,Food,2026-10-01,525.36
57,1,Food,2026-10-02,558.19
58,1,Food,2026-10-03,530.48
59,1,Food,2026-10-04,552.18
60,1,Food,2026-10-05,542.61
61,1,Water,2026-09-06,1070.6
62,1,Water,2026-09-07,1091.33
63,1,Water,2026-09-08,1140.52
64,1,Water,2026-09-09,1161.51
65,1,Water,2026-09-10,1150.59
66,1,Water,2026-09-11,1133.62
67,1,Water,2026-09-12,1157.57
68,1,Water,2026-09-13,1137.11
69,1,Water,2026-09-14,1199.35
70,1,Water,2026-09-15,1130.23
71,1,Water,2026-09-16,1103.1
72,1,Water,2026-09-17,1077.57
73,1,Water,2026-09-18,1041.64
74,1,Water,2026-09-19,1114.48
75,1,Water,2026-09-20,1046.68
76,1,Water,2026-09-21,1098.27
77,1,Water,2026-09-22,1058.18
78,1,Water,2026-09-23,1083.38
79,1,Water,2026-09-24,1078.68
80,1,Water,2026-09-25,1081.44
81,1,Water,2026-09-26,1097.28
82,1,Water,2026-09-27,1117.36
83,1,Water,2026-09-28,1080.41
84,1,Water,2026-09-29,1106.93
85,1,Water,2026-09-30,1126.69
86,1,Water,2026-10-01,1060.82
87,1,Water,2026-10-02,1127.12
88,1,Water,2026-10-03,1071.17
89,1,Water,2026-10-04,1114.99
90,1,Water,2026-10-05,1095.66
91,1,Medical,2026-09-06,66.23
92,1,Medical,2026-09-07,67.51
93,1,Medical,2026-09-08,70.55
94,1,Medical,2026-09-09,71.85
95,1,Medical,2026-09-10,71.17
96,1,Medical,2026-09-11,70.13
97,1,Medical,2026-09-12,71.61
98,1,Medical,2026-09-13,70.34
99,1,Medical,2026-09-14,74.19
100,1,Medical,2026-09-15,69.92
101,1,Medical,2026-09-16,68.24
102,1,Medical,2026-09-17,66.66
103,1,Medical,2026-09-18,64.43
104,1,Medical,2026-09-19,68.94
105,1,Medical,2026-09-20,64.75
106,1,Medical,2026-09-21,67.94
107,1,Medical,2026-09-22,65.46
108,1,Medical,2026-09-23,67.02
109,1,Medical,2026-09-24,66.73
110,1,Medical,2026-09-25,66.9
111,1,Medical,2026-09-26,67.88
112,1,Medical,2026-09-27,69.12
113,1,Medical,2026-09-28,66.83
114,1,Medical,2026-09-29,68.47
115,1,Medical,2026-09-30,69.7
116,1,Medical,2026-10-01,65.62
117,1,Medical,2026-10-02,69.72
118,1,Medical,2026-10-03,66.26
119,1,Medical,2026-10-04,68.97
120,1,Medical,2026-10-05,67.78
121,1,Spare Parts,2026-09-06,22.43
122,1,Spare Parts,2026-09-07,22.87
123,1,Spare Parts,2026-09-08,23.9
124,1,Spare Parts,2026-09-09,24.34
125,1,Spare Parts,2026-09-10,24.11
126,1,Spare Parts,2026-09-11,23.75
127,1,Spare Parts,2026-09-12,24.25
128,1,Spare Parts,2026-09-13,23.83
129,1,Spare Parts,2026-09-14,25.13
130,1,Spare Parts,2026-09-15,23.68
131,1,Spare Parts,2026-09-16,23.11
132,1,Spare Parts,2026-09-17,22.58
133,1,Spare Parts,2026-09-18,21.82
134,1,Spare Parts,2026-09-19,23.35
135,1,Spare Parts,2026-09-20,21.93
136,1,Spare Parts,2026-09-21,23.01
137,1,Spare Parts,2026-09-22,22.17
138,1,Spare Parts,2026-09-23,22.7
139,1,Spare Parts,2026-09-24,22.6
140,1,Spare Parts,2026-09-25,22.66
141,1,Spare Parts,2026-09-26,22.99
142,1,Spare Parts,2026-09-27,23.41
143,1,Spare Parts,2026-09-28,22.64
144,1,Spare Parts,2026-09-29,23.19
145,1,Spare Parts,2026-09-30,23.61
146,1,Spare Parts,2026-10-01,22.23
147,1,Spare Parts,2026-10-02,23.62
148,1,Spare Parts,2026-10-03,22.44
149,1,Spare Parts,2026-10-04,23.36
150,1,Spare Parts,2026-10-05,22.96
151,2,Fuel,2026-09-06,689.37
152,2,Fuel,2026-09-07,724.02
153,2,Fuel,2026-09-08,728.24
154,2,Fuel,2026-09-09,692.0
155,2,Fuel,2026-09-10,720.49
156,2,Fuel,2026-09-11,698.22
157,2,Fuel,2026-09-12,714.81
158,2,Fuel,2026-09-13,707.37
159,2,Fuel,2026-09-14,688.58
160,2,Fuel,2026-09-15,681.48
161,2,Fuel,2026-09-16,662.69
162,2,Fuel,2026-09-17,653.09
163,2,Fuel,2026-09-18,661.8
164,2,Fuel,2026-09-19,668.91
165,2,Fuel,2026-09-20,693.36
166,2,Fuel,2026-09-21,669.91
167,2,Fuel,2026-09-22,670.8
168,2,Fuel,2026-09-23,653.75
169,2,Fuel,2026-09-24,697.93
170,2,Fuel,2026-09-25,661.64
171,2,Fuel,2026-09-26,686.36
172,2,Fuel,2026-09-27,709.79
173,2,Fuel,2026-09-28,701.26
174,2,Fuel,2026-09-29,702.78
175,2,Fuel,2026-09-30,698.76
176,2,Fuel,2026-10-01,728.34
177,2,Fuel,2026-10-02,713.46
178,2,Fuel,2026-10-03,730.59
179,2,Fuel,2026-10-04,695.9
180,2,Fuel,2026-10-05,680.47
181,2,Food,2026-09-06,497.88
182,2,Food,2026-09-07,522.91
183,2,Food,2026-09-08,525.95
184,2,Food,2026-09-09,499.78
185,2,Food,2026-09-10,520.35
186,2,Food,2026-09-11,504.27
187,2,Food,2026-09-12,516.25
188,2,Food,2026-09-13,510.88
189,2,Food,2026-09-14,497.31
190,2,Food,2026-09-15,492.18
191,2,Food,2026-09-16,478.61
192,2,Food,2026-09-17,471.68
193,2,Food,2026-09-18,477.97
194,2,Food,2026-09-19,483.1
195,2,Food,2026-09-20,500.76
196,2,Food,2026-09-21,483.82
197,2,Food,2026-09-22,484.47
198,2,Food,2026-09-23,472.15
199,2,Food,2026-09-24,504.06
200,2,Food,2026-09-25,477.85
201,2,Food,2026-09-26,495.7
202,2,Food,2026-09-27,512.62
203,2,Food,2026-09-28,506.46
204,2,Food,2026-09-29,507.56
205,2,Food,2026-09-30,504.66
206,2,Food,2026-10-01,526.02
207,2,Food,2026-10-02,515.28
208,2,Food,2026-10-03,527.65
209,2,Food,2026-10-04,502.59
210,2,Food,2026-10-05,491.45
211,2,Water,2026-09-06,1005.34
212,2,Water,2026-09-07,1055.87
213,2,Water,2026-09-08,1062.02
214,2,Water,2026-09-09,1009.17
215,2,Water,2026-09-10,1050.71
216,2,Water,2026-09-11,1018.24
217,2,Water,2026-09-12,1042.42
218,2,Water,2026-09-13,1031.58
219,2,Water,2026-09-14,1004.17
220,2,Water,2026-09-15,993.82
221,2,Water,2026-09-16,966.42
222,2,Water,2026-09-17,952.42
223,2,Water,2026-09-18,965.12
224,2,Water,2026-09-19,975.49
225,2,Water,2026-09-20,1011.15
226,2,Water,2026-09-21,976.95
227,2,Water,2026-09-22,978.25
228,2,Water,2026-09-23,953.39
229,2,Water,2026-09-24,1017.82
230,2,Water,2026-09-25,964.89
231,2,Water,2026-09-26,1000.94
232,2,Water,2026-09-27,1035.11
233,2,Water,2026-09-28,1022.67
234,2,Water,2026-09-29,1024.89
235,2,Water,2026-09-30,1019.03
236,2,Water,2026-10-01,1062.16
237,2,Water,2026-10-02,1040.46
238,2,Water,2026-10-03,1065.45
239,2,Water,2026-10-04,1014.85
240,2,Water,2026-10-05,992.35
241,2,Medical,2026-09-06,62.29
242,2,Medical,2026-09-07,65.42
243,2,Medical,2026-09-08,65.8
244,2,Medical,2026-09-09,62.52
245,2,Medical,2026-09-10,65.1
246,2,Medical,2026-09-11,63.08
247,2,Medical,2026-09-12,64.58
248,2,Medical,2026-09-13,63.91
249,2,Medical,2026-09-14,62.21
250,2,Medical,2026-09-15,61.57
251,2,Medical,2026-09-16,59.87
252,2,Medical,2026-09-17,59.01
253,2,Medical,2026-09-18,59.79
254,2,Medical,2026-09-19,60.44
255,2,Medical,2026-09-20,62.65
256,2,Medical,2026-09-21,60.53
257,2,Medical,2026-09-22,60.61
258,2,Medical,2026-09-23,59.07
259,2,Medical,2026-09-24,63.06
260,2,Medical,2026-09-25,59.78
261,2,Medical,2026-09-26,62.01
262,2,Medical,2026-09-27,64.13
263,2,Medical,2026-09-28,63.36
264,2,Medical,2026-09-29,63.5
265,2,Medical,2026-09-30,63.13
266,2,Medical,2026-10-01,65.81
267,2,Medical,2026-10-02,64.46
268,2,Medical,2026-10-03,66.01
269,2,Medical,2026-10-04,62.88
270,2,Medical,2026-10-05,61.48
271,2,Spare Parts,2026-09-06,21.06
272,2,Spare Parts,2026-09-07,22.12
273,2,Spare Parts,2026-09-08,22.25
274,2,Spare Parts,2026-09-09,21.14
275,2,Spare Parts,2026-09-10,22.01
276,2,Spare Parts,2026-09-11,21.33
277,2,Spare Parts,2026-09-12,21.84
278,2,Spare Parts,2026-09-13,21.61
279,2,Spare Parts,2026-09-14,21.04
280,2,Spare Parts,2026-09-15,20.82
281,2,Spare Parts,2026-09-16,20.25
282,2,Spare Parts,2026-09-17,19.96
283,2,Spare Parts,2026-09-18,20.22
284,2,Spare Parts,2026-09-19,20.44
285,2,Spare Parts,2026-09-20,21.19
286,2,Spare Parts,2026-09-21,20.47
287,2,Spare Parts,2026-09-22,20.5
288,2,Spare Parts,2026-09-23,19.98
289,2,Spare Parts,2026-09-24,21.33
290,2,Spare Parts,2026-09-25,20.22
291,2,Spare Parts,2026-09-26,20.97
292,2,Spare Parts,2026-09-27,21.69
293,2,Spare Parts,2026-09-28,21.43
294,2,Spare Parts,2026-09-29,21.47
295,2,Spare Parts,2026-09-30,21.35
296,2,Spare Parts,2026-10-01,22.25
297,2,Spare Parts,2026-10-02,21.8
298,2,Spare Parts,2026-10-03,22.32
299,2,Spare Parts,2026-10-04,21.26
300,2,Spare Parts,2026-10-05,20.79
301,3,Fuel,2026-09-06,714.89
302,3,Fuel,2026-09-07,732.73
303,3,Fuel,2026-09-08,730.45
304,3,Fuel,2026-09-09,722.25
305,3,Fuel,2026-09-10,721.72
306,3,Fuel,2026-09-11,778.84
307,3,Fuel,2026-09-12,735.22
308,3,Fuel,2026-09-13,754.36
309,3,Fuel,2026-09-14,786.28
310,3,Fuel,2026-09-15,739.62
311,3,Fuel,2026-09-16,780.32
312,3,Fuel,2026-09-17,788.38
313,3,Fuel,2026-09-18,799.38
314,3,Fuel,2026-09-19,788.94
315,3,Fuel,2026-09-20,784.06
316,3,Fuel,2026-09-21,813.85
317,3,Fuel,2026-09-22,755.27
318,3,Fuel,2026-09-23,796.51
319,3,Fuel,2026-09-24,828.44
320,3,Fuel,2026-09-25,852.74
321,3,Fuel,2026-09-26,856.05
322,3,Fuel,2026-09-27,820.75
323,3,Fuel,2026-09-28,852.31
324,3,Fuel,2026-09-29,859.73
325,3,Fuel,2026-09-30,819.28
326,3,Fuel,2026-10-01,840.6
327,3,Fuel,2026-10-02,888.53
328,3,Fuel,2026-10-03,870.23
329,3,Fuel,2026-10-04,884.97
330,3,Fuel,2026-10-05,898.04
331,3,Food,2026-09-06,516.31
332,3,Food,2026-09-07,530.36
333,3,Food,2026-09-08,529.3
334,3,Food,2026-09-09,522.89
335,3,Food,2026-09-10,520.64
336,3,Food,2026-09-11,558.12
337,3,Food,2026-09-12,521.73
338,3,Food,2026-09-13,528.57
339,3,Food,2026-09-14,542.72
340,3,Food,2026-09-15,502.15
341,3,Food,2026-09-16,520.83
342,3,Food,2026-09-17,517.63
343,3,Food,2026-09-18,517.14
344,3,Food,2026-09-19,504.18
345,3,Food,2026-09-20,496.56
346,3,Food,2026-09-21,512.54
347,3,Food,2026-09-22,474.56
348,3,Food,2026-09-23,500.71
349,3,Food,2026-09-24,522.02
350,3,Food,2026-09-25,539.09
351,3,Food,2026-09-26,542.84
352,3,Food,2026-09-27,521.38
353,3,Food,2026-09-28,541.24
354,3,Food,2026-09-29,544.26
355,3,Food,2026-09-30,515.42
356,3,Food,2026-10-01,523.9
357,3,Food,2026-10-02,547.05
358,3,Food,2026-10-03,528.1
359,3,Food,2026-10-04,528.61
360,3,Food,2026-10-05,527.81
361,3,Water,2026-09-06,1042.54
362,3,Water,2026-09-07,1070.92
363,3,Water,2026-09-08,1068.78
364,3,Water,2026-09-09,1055.84
365,3,Water,2026-09-10,1051.29
366,3,Water,2026-09-11,1126.98
367,3,Water,2026-09-12,1053.49
368,3,Water,2026-09-13,1067.3
369,3,Water,2026-09-14,1095.89
370,3,Water,2026-09-15,1013.95
371,3,Water,2026-09-16,1051.68
372,3,Water,2026-09-17,1045.21
373,3,Water,2026-09-18,1044.23
374,3,Water,2026-09-19,1018.06
375,3,Water,2026-09-20,1002.66
376,3,Water,2026-09-21,1034.95
377,3,Water,2026-09-22,958.24
378,3,Water,2026-09-23,1011.04
379,3,Water,2026-09-24,1054.08
380,3,Water,2026-09-25,1088.54
381,3,Water,2026-09-26,1096.11
382,3,Water,2026-09-27,1052.79
383,3,Water,2026-09-28,1092.9
384,3,Water,2026-09-29,1098.98
385,3,Water,2026-09-30,1040.75
386,3,Water,2026-10-01,1057.88
387,3,Water,2026-10-02,1104.62
388,3,Water,2026-10-03,1066.36
389,3,Water,2026-10-04,1067.39
390,3,Water,2026-10-05,1065.76
391,3,Medical,2026-09-06,64.54
392,3,Medical,2026-09-07,66.3
393,3,Medical,2026-09-08,66.16
394,3,Medical,2026-09-09,65.36
395,3,Medical,2026-09-10,65.08
396,3,Medical,2026-09-11,69.77
397,3,Medical,2026-09-12,65.22
398,3,Medical,2026-09-13,66.07
399,3,Medical,2026-09-14,67.84
400,3,Medical,2026-09-15,62.77
401,3,Medical,2026-09-16,65.1
402,3,Medical,2026-09-17,64.7
403,3,Medical,2026-09-18,64.64
404,3,Medical,2026-09-19,63.02
405,3,Medical,2026-09-20,62.07
406,3,Medical,2026-09-21,64.07
407,3,Medical,2026-09-22,59.32
408,3,Medical,2026-09-23,62.59
409,3,Medical,2026-09-24,65.25
410,3,Medical,2026-09-25,67.39
411,3,Medical,2026-09-26,67.85
412,3,Medical,2026-09-27,65.17
413,3,Medical,2026-09-28,67.66
414,3,Medical,2026-09-29,68.03
415,3,Medical,2026-09-30,64.43
416,3,Medical,2026-10-01,65.49
417,3,Medical,2026-10-02,68.38
418,3,Medical,2026-10-03,66.01
419,3,Medical,2026-10-04,66.08
420,3,Medical,2026-10-05,65.98
421,3,Spare Parts,2026-09-06,21.84
422,3,Spare Parts,2026-09-07,22.44
423,3,Spare Parts,2026-09-08,22.39
424,3,Spare Parts,2026-09-09,22.12
425,3,Spare Parts,2026-09-10,22.03
426,3,Spare Parts,2026-09-11,23.61
427,3,Spare Parts,2026-09-12,22.07
428,3,Spare Parts,2026-09-13,22.36
429,3,Spare Parts,2026-09-14,22.96
430,3,Spare Parts,2026-09-15,21.24
431,3,Spare Parts,2026-09-16,22.04
432,3,Spare Parts,2026-09-17,21.9
433,3,Spare Parts,2026-09-18,21.88
434,3,Spare Parts,2026-09-19,21.33
435,3,Spare Parts,2026-09-20,21.01
436,3,Spare Parts,2026-09-21,21.68
437,3,Spare Parts,2026-09-22,20.08
438,3,Spare Parts,2026-09-23,21.18
439,3,Spare Parts,2026-09-24,22.09
440,3,Spare Parts,2026-09-25,22.81
441,3,Spare Parts,2026-09-26,22.97
442,3,Spare Parts,2026-09-27,22.06
443,3,Spare Parts,2026-09-28,22.9
444,3,Spare Parts,2026-09-29,23.03
445,3,Spare Parts,2026-09-30,21.81
446,3,Spare Parts,2026-10-01,22.17
447,3,Spare Parts,2026-10-02,23.14
448,3,Spare Parts,2026-10-03,22.34
449,3,Spare Parts,2026-10-04,22.36
450,3,Spare Parts,2026-10-05,22.33
451,4,Fuel,2026-09-06,577.5
452,4,Fuel,2026-09-07,583.57
453,4,Fuel,2026-09-08,604.61
454,4,Fuel,2026-09-09,615.26
455,4,Fuel,2026-09-10,613.64
456,4,Fuel,2026-09-11,610.53
457,4,Fuel,2026-09-12,631.11
458,4,Fuel,2026-09-13,609.96
459,4,Fuel,2026-09-14,589.35
460,4,Fuel,2026-09-15,584.6
461,4,Fuel,2026-09-16,582.18
462,4,Fuel,2026-09-17,572.52
463,4,Fuel,2026-09-18,563.61
464,4,Fuel,2026-09-19,590.65
465,4,Fuel,2026-09-20,552.9
466,4,Fuel,2026-09-21,574.32
467,4,Fuel,2026-09-22,574.99
468,4,Fuel,2026-09-23,589.5
469,4,Fuel,2026-09-24,572.73
470,4,Fuel,2026-09-25,578.2
471,4,Fuel,2026-09-26,590.39
472,4,Fuel,2026-09-27,617.37
473,4,Fuel,2026-09-28,636.2
474,4,Fuel,2026-09-29,621.38
475,4,Fuel,2026-09-30,578.91
476,4,Fuel,2026-10-01,632.77
477,4,Fuel,2026-10-02,605.77
478,4,Fuel,2026-10-03,603.54
479,4,Fuel,2026-10-04,594.46
480,4,Fuel,2026-10-05,597.47
481,4,Food,2026-09-06,417.08
482,4,Food,2026-09-07,421.46
483,4,Food,2026-09-08,436.66
484,4,Food,2026-09-09,444.35
485,4,Food,2026-09-10,443.18
486,4,Food,2026-09-11,440.94
487,4,Food,2026-09-12,455.8
488,4,Food,2026-09-13,440.53
489,4,Food,2026-09-14,425.64
490,4,Food,2026-09-15,422.21
491,4,Food,2026-09-16,420.46
492,4,Food,2026-09-17,413.49
493,4,Food,2026-09-18,407.05
494,4,Food,2026-09-19,426.58
495,4,Food,2026-09-20,399.32
496,4,Food,2026-09-21,414.79
497,4,Food,2026-09-22,415.27
498,4,Food,2026-09-23,425.75
499,4,Food,2026-09-24,413.64
500,4,Food,2026-09-25,417.59
501,4,Food,2026-09-26,426.39
502,4,Food,2026-09-27,445.88
503,4,Food,2026-09-28,459.48
504,4,Food,2026-09-29,448.77
505,4,Food,2026-09-30,418.1
506,4,Food,2026-10-01,457.0
507,4,Food,2026-10-02,437.5
508,4,Food,2026-10-03,435.89
509,4,Food,2026-10-04,429.33
510,4,Food,2026-10-05,431.51
511,4,Water,2026-09-06,842.18
512,4,Water,2026-09-07,851.03
513,4,Water,2026-09-08,881.72
514,4,Water,2026-09-09,897.25
515,4,Water,2026-09-10,894.88
516,4,Water,2026-09-11,890.36
517,4,Water,2026-09-12,920.37
518,4,Water,2026-09-13,889.53
519,4,Water,2026-09-14,859.47
520,4,Water,2026-09-15,852.54
521,4,Water,2026-09-16,849.01
522,4,Water,2026-09-17,834.93
523,4,Water,2026-09-18,821.93
524,4,Water,2026-09-19,861.36
525,4,Water,2026-09-20,806.31
526,4,Water,2026-09-21,837.55
527,4,Water,2026-09-22,838.52
528,4,Water,2026-09-23,859.69
529,4,Water,2026-09-24,835.23
530,4,Water,2026-09-25,843.21
531,4,Water,2026-09-26,860.99
532,4,Water,2026-09-27,900.33
533,4,Water,2026-09-28,927.8
534,4,Water,2026-09-29,906.17
535,4,Water,2026-09-30,844.24
536,4,Water,2026-10-01,922.79
537,4,Water,2026-10-02,883.41
538,4,Water,2026-10-03,880.17
539,4,Water,2026-10-04,866.92
540,4,Water,2026-10-05,871.31
541,4,Medical,2026-09-06,52.14
542,4,Medical,2026-09-07,52.68
543,4,Medical,2026-09-08,54.58
544,4,Medical,2026-09-09,55.54
545,4,Medical,2026-09-10,55.4
546,4,Medical,2026-09-11,55.12
547,4,Medical,2026-09-12,56.98
548,4,Medical,2026-09-13,55.07
549,4,Medical,2026-09-14,53.21
550,4,Medical,2026-09-15,52.78
551,4,Medical,2026-09-16,52.56
552,4,Medical,2026-09-17,51.69
553,4,Medical,2026-09-18,50.88
554,4,Medical,2026-09-19,53.32
555,4,Medical,2026-09-20,49.91
556,4,Medical,2026-09-21,51.85
557,4,Medical,2026-09-22,51.91
558,4,Medical,2026-09-23,53.22
559,4,Medical,2026-09-24,51.7
560,4,Medical,2026-09-25,52.2
561,4,Medical,2026-09-26,53.3
562,4,Medical,2026-09-27,55.73
563,4,Medical,2026-09-28,57.44
564,4,Medical,2026-09-29,56.1
565,4,Medical,2026-09-30,52.26
566,4,Medical,2026-10-01,57.12
567,4,Medical,2026-10-02,54.69
568,4,Medical,2026-10-03,54.49
569,4,Medical,2026-10-04,53.67
570,4,Medical,2026-10-05,53.94
571,4,Spare Parts,2026-09-06,17.61
572,4,Spare Parts,2026-09-07,17.79
573,4,Spare Parts,2026-09-08,18.43
574,4,Spare Parts,2026-09-09,18.76
575,4,Spare Parts,2026-09-10,18.71
576,4,Spare Parts,2026-09-11,18.61
577,4,Spare Parts,2026-09-12,19.24
578,4,Spare Parts,2026-09-13,18.6
579,4,Spare Parts,2026-09-14,17.97
580,4,Spare Parts,2026-09-15,17.82
581,4,Spare Parts,2026-09-16,17.75
582,4,Spare Parts,2026-09-17,17.45
583,4,Spare Parts,2026-09-18,17.18
584,4,Spare Parts,2026-09-19,18.01
585,4,Spare Parts,2026-09-20,16.86
586,4,Spare Parts,2026-09-21,17.51
587,4,Spare Parts,2026-09-22,17.53
588,4,Spare Parts,2026-09-23,17.97
589,4,Spare Parts,2026-09-24,17.46
590,4,Spare Parts,2026-09-25,17.63
591,4,Spare Parts,2026-09-26,18.0
592,4,Spare Parts,2026-09-27,18.82
593,4,Spare Parts,2026-09-28,19.4
594,4,Spare Parts,2026-09-29,18.94
595,4,Spare Parts,2026-09-30,17.65
596,4,Spare Parts,2026-10-01,19.29
597,4,Spare Parts,2026-10-02,18.47
598,4,Spare Parts,2026-10-03,18.4
599,4,Spare Parts,2026-10-04,18.12
600,4,Spare Parts,2026-10-05,18.22
601,5,Fuel,2026-09-06,820.47
602,5,Fuel,2026-09-07,791.48
603,5,Fuel,2026-09-08,823.78
604,5,Fuel,2026-09-09,832.21
605,5,Fuel,2026-09-10,828.28
606,5,Fuel,2026-09-11,856.89
607,5,Fuel,2026-09-12,833.62
608,5,Fuel,2026-09-13,816.46
609,5,Fuel,2026-09-14,845.07
610,5,Fuel,2026-09-15,809.17
611,5,Fuel,2026-09-16,813.39
612,5,Fuel,2026-09-17,783.27
613,5,Fuel,2026-09-18,794.88
614,5,Fuel,2026-09-19,785.66
615,5,Fuel,2026-09-20,768.09
616,5,Fuel,2026-09-21,772.96
617,5,Fuel,2026-09-22,812.09
618,5,Fuel,2026-09-23,784.02
619,5,Fuel,2026-09-24,776.29
620,5,Fuel,2026-09-25,812.58
621,5,Fuel,2026-09-26,822.19
622,5,Fuel,2026-09-27,830.32
623,5,Fuel,2026-09-28,828.89
624,5,Fuel,2026-09-29,833.13
625,5,Fuel,2026-09-30,830.68
626,5,Fuel,2026-10-01,796.96
627,5,Fuel,2026-10-02,799.9
628,5,Fuel,2026-10-03,813.37
629,5,Fuel,2026-10-04,809.94
630,5,Fuel,2026-10-05,836.46
631,5,Food,2026-09-06,592.56
632,5,Food,2026-09-07,571.63
633,5,Food,2026-09-08,594.96
634,5,Food,2026-09-09,601.04
635,5,Food,2026-09-10,598.2
636,5,Food,2026-09-11,618.86
637,5,Food,2026-09-12,602.06
638,5,Food,2026-09-13,589.66
639,5,Food,2026-09-14,610.33
640,5,Food,2026-09-15,584.4
641,5,Food,2026-09-16,587.45
642,5,Food,2026-09-17,565.7
643,5,Food,2026-09-18,574.08
644,5,Food,2026-09-19,567.42
645,5,Food,2026-09-20,554.73
646,5,Food,2026-09-21,558.25
647,5,Food,2026-09-22,586.51
648,5,Food,2026-09-23,566.24
649,5,Food,2026-09-24,560.66
650,5,Food,2026-09-25,586.86
651,5,Food,2026-09-26,593.81
652,5,Food,2026-09-27,599.68
653,5,Food,2026-09-28,598.65
654,5,Food,2026-09-29,601.71
655,5,Food,2026-09-30,599.93
656,5,Food,2026-10-01,575.59
657,5,Food,2026-10-02,577.71
658,5,Food,2026-10-03,587.43
659,5,Food,2026-10-04,584.96
660,5,Food,2026-10-05,604.11
661,5,Water,2026-09-06,1196.52
662,5,Water,2026-09-07,1154.25
663,5,Water,2026-09-08,1201.35
664,5,Water,2026-09-09,1213.64
665,5,Water,2026-09-10,1207.9
666,5,Water,2026-09-11,1249.63
667,5,Water,2026-09-12,1215.69
668,5,Water,2026-09-13,1190.66
669,5,Water,2026-09-14,1232.39
670,5,Water,2026-09-15,1180.04
671,5,Water,2026-09-16,1186.19
672,5,Water,2026-09-17,1142.27
673,5,Water,2026-09-18,1159.21
674,5,Water,2026-09-19,1145.76
675,5,Water,2026-09-20,1120.13
676,5,Water,2026-09-21,1127.23
677,5,Water,2026-09-22,1184.3
678,5,Water,2026-09-23,1143.37
679,5,Water,2026-09-24,1132.09
680,5,Water,2026-09-25,1185.01
681,5,Water,2026-09-26,1199.03
682,5,Water,2026-09-27,1210.88
683,5,Water,2026-09-28,1208.8
684,5,Water,2026-09-29,1214.98
685,5,Water,2026-09-30,1211.41
686,5,Water,2026-10-01,1162.24
687,5,Water,2026-10-02,1166.52
688,5,Water,2026-10-03,1186.16
689,5,Water,2026-10-04,1181.16
690,5,Water,2026-10-05,1219.84
691,5,Medical,2026-09-06,74.07
692,5,Medical,2026-09-07,71.45
693,5,Medical,2026-09-08,74.37
694,5,Medical,2026-09-09,75.13
695,5,Medical,2026-09-10,74.77
696,5,Medical,2026-09-11,77.36
697,5,Medical,2026-09-12,75.26
698,5,Medical,2026-09-13,73.71
699,5,Medical,2026-09-14,76.29
700,5,Medical,2026-09-15,73.05
701,5,Medical,2026-09-16,73.43
702,5,Medical,2026-09-17,70.71
703,5,Medical,2026-09-18,71.76
704,5,Medical,2026-09-19,70.93
705,5,Medical,2026-09-20,69.34
706,5,Medical,2026-09-21,69.78
707,5,Medical,2026-09-22,73.31
708,5,Medical,2026-09-23,70.78
709,5,Medical,2026-09-24,70.08
710,5,Medical,2026-09-25,73.36
711,5,Medical,2026-09-26,74.23
712,5,Medical,2026-09-27,74.96
713,5,Medical,2026-09-28,74.83
714,5,Medical,2026-09-29,75.21
715,5,Medical,2026-09-30,74.99
716,5,Medical,2026-10-01,71.95
717,5,Medical,2026-10-02,72.21
718,5,Medical,2026-10-03,73.43
719,5,Medical,2026-10-04,73.12
720,5,Medical,2026-10-05,75.51
721,5,Spare Parts,2026-09-06,25.03
722,5,Spare Parts,2026-09-07,24.14
723,5,Spare Parts,2026-09-08,25.13
724,5,Spare Parts,2026-09-09,25.39
725,5,Spare Parts,2026-09-10,25.27
726,5,Spare Parts,2026-09-11,26.14
727,5,Spare Parts,2026-09-12,25.43
728,5,Spare Parts,2026-09-13,24.91
729,5,Spare Parts,2026-09-14,25.78
730,5,Spare Parts,2026-09-15,24.68
731,5,Spare Parts,2026-09-16,24.81
732,5,Spare Parts,2026-09-17,23.89
733,5,Spare Parts,2026-09-18,24.25
734,5,Spare Parts,2026-09-19,23.97
735,5,Spare Parts,2026-09-20,23.43
736,5,Spare Parts,2026-09-21,23.58
737,5,Spare Parts,2026-09-22,24.77
738,5,Spare Parts,2026-09-23,23.92
739,5,Spare Parts,2026-09-24,23.68
740,5,Spare Parts,2026-09-25,24.79
741,5,Spare Parts,2026-09-26,25.08
742,5,Spare Parts,2026-09-27,25.33
743,5,Spare Parts,2026-09-28,25.29
744,5,Spare Parts,2026-09-29,25.42
745,5,Spare Parts,2026-09-30,25.34
746,5,Spare Parts,2026-10-01,24.31
747,5,Spare Parts,2026-10-02,24.4
748,5,Spare Parts,2026-10-03,24.81
749,5,Spare Parts,2026-10-04,24.71
750,5,Spare Parts,2026-10-05,25.52
751,6,Fuel,2026-09-06,641.3
752,6,Fuel,2026-09-07,667.47
753,6,Fuel,2026-09-08,666.34
754,6,Fuel,2026-09-09,648.07
755,6,Fuel,2026-09-10,638.63
756,6,Fuel,2026-09-11,685.98
757,6,Fuel,2026-09-12,670.0
758,6,Fuel,2026-09-13,657.79
759,6,Fuel,2026-09-14,654.75
760,6,Fuel,2026-09-15,663.69
761,6,Fuel,2026-09-16,676.09
762,6,Fuel,2026-09-17,657.01
763,6,Fuel,2026-09-18,643.02
764,6,Fuel,2026-09-19,643.72
765,6,Fuel,2026-09-20,606.18
766,6,Fuel,2026-09-21,602.07
767,6,Fuel,2026-09-22,636.89
768,6,Fuel,2026-09-23,633.98
769,6,Fuel,2026-09-24,632.25
770,6,Fuel,2026-09-25,652.93
771,6,Fuel,2026-09-26,661.58
772,6,Fuel,2026-09-27,666.23
773,6,Fuel,2026-09-28,656.0
774,6,Fuel,2026-09-29,673.58
775,6,Fuel,2026-09-30,663.15
776,6,Fuel,2026-10-01,656.06
777,6,Fuel,2026-10-02,680.86
778,6,Fuel,2026-10-03,662.42
779,6,Fuel,2026-10-04,619.11
780,6,Fuel,2026-10-05,645.93
781,6,Food,2026-09-06,463.16
782,6,Food,2026-09-07,482.06
783,6,Food,2026-09-08,481.24
784,6,Food,2026-09-09,468.05
785,6,Food,2026-09-10,461.23
786,6,Food,2026-09-11,495.43
787,6,Food,2026-09-12,483.89
788,6,Food,2026-09-13,475.07
789,6,Food,2026-09-14,472.87
790,6,Food,2026-09-15,479.33
791,6,Food,2026-09-16,488.29
792,6,Food,2026-09-17,474.5
793,6,Food,2026-09-18,464.4
794,6,Food,2026-09-19,464.91
795,6,Food,2026-09-20,437.79
796,6,Food,2026-09-21,434.83
797,6,Food,2026-09-22,459.97
798,6,Food,2026-09-23,457.88
799,6,Food,2026-09-24,456.63
800,6,Food,2026-09-25,471.56
801,6,Food,2026-09-26,477.81
802,6,Food,2026-09-27,481.17
803,6,Food,2026-09-28,473.78
804,6,Food,2026-09-29,486.47
805,6,Food,2026-09-30,478.94
806,6,Food,2026-10-01,473.82
807,6,Food,2026-10-02,491.73
808,6,Food,2026-10-03,478.41
809,6,Food,2026-10-04,447.14
810,6,Food,2026-10-05,466.51
811,6,Water,2026-09-06,935.23
812,6,Water,2026-09-07,973.39
813,6,Water,2026-09-08,971.74
814,6,Water,2026-09-09,945.1
815,6,Water,2026-09-10,931.34
816,6,Water,2026-09-11,1000.39
817,6,Water,2026-09-12,977.08
818,6,Water,2026-09-13,959.27
819,6,Water,2026-09-14,954.84
820,6,Water,2026-09-15,967.87
821,6,Water,2026-09-16,985.96
822,6,Water,2026-09-17,958.13
823,6,Water,2026-09-18,937.74
824,6,Water,2026-09-19,938.76
825,6,Water,2026-09-20,884.01
826,6,Water,2026-09-21,878.01
827,6,Water,2026-09-22,928.79
828,6,Water,2026-09-23,924.56
829,6,Water,2026-09-24,922.03
830,6,Water,2026-09-25,952.2
831,6,Water,2026-09-26,964.8
832,6,Water,2026-09-27,971.59
833,6,Water,2026-09-28,956.67
834,6,Water,2026-09-29,982.3
835,6,Water,2026-09-30,967.09
836,6,Water,2026-10-01,956.76
837,6,Water,2026-10-02,992.92
838,6,Water,2026-10-03,966.02
839,6,Water,2026-10-04,902.87
840,6,Water,2026-10-05,941.98
841,6,Medical,2026-09-06,57.89
842,6,Medical,2026-09-07,60.26
843,6,Medical,2026-09-08,60.16
844,6,Medical,2026-09-09,58.51
845,6,Medical,2026-09-10,57.65
846,6,Medical,2026-09-11,61.93
847,6,Medical,2026-09-12,60.49
848,6,Medical,2026-09-13,59.38
849,6,Medical,2026-09-14,59.11
850,6,Medical,2026-09-15,59.92
851,6,Medical,2026-09-16,61.04
852,6,Medical,2026-09-17,59.31
853,6,Medical,2026-09-18,58.05
854,6,Medical,2026-09-19,58.11
855,6,Medical,2026-09-20,54.72
856,6,Medical,2026-09-21,54.35
857,6,Medical,2026-09-22,57.5
858,6,Medical,2026-09-23,57.23
859,6,Medical,2026-09-24,57.08
860,6,Medical,2026-09-25,58.95
861,6,Medical,2026-09-26,59.73
862,6,Medical,2026-09-27,60.15
863,6,Medical,2026-09-28,59.22
864,6,Medical,2026-09-29,60.81
865,6,Medical,2026-09-30,59.87
866,6,Medical,2026-10-01,59.23
867,6,Medical,2026-10-02,61.47
868,6,Medical,2026-10-03,59.8
869,6,Medical,2026-10-04,55.89
870,6,Medical,2026-10-05,58.31
871,6,Spare Parts,2026-09-06,19.6
872,6,Spare Parts,2026-09-07,20.39
873,6,Spare Parts,2026-09-08,20.36
874,6,Spare Parts,2026-09-09,19.8
875,6,Spare Parts,2026-09-10,19.51
876,6,Spare Parts,2026-09-11,20.96
877,6,Spare Parts,2026-09-12,20.47
878,6,Spare Parts,2026-09-13,20.1
879,6,Spare Parts,2026-09-14,20.01
880,6,Spare Parts,2026-09-15,20.28
881,6,Spare Parts,2026-09-16,20.66
882,6,Spare Parts,2026-09-17,20.08
883,6,Spare Parts,2026-09-18,19.65
884,6,Spare Parts,2026-09-19,19.67
885,6,Spare Parts,2026-09-20,18.52
886,6,Spare Parts,2026-09-21,18.4
887,6,Spare Parts,2026-09-22,19.46
888,6,Spare Parts,2026-09-23,19.37
889,6,Spare Parts,2026-09-24,19.32
890,6,Spare Parts,2026-09-25,19.95
891,6,Spare Parts,2026-09-26,20.21
892,6,Spare Parts,2026-09-27,20.36
893,6,Spare Parts,2026-09-28,20.04
894,6,Spare Parts,2026-09-29,20.58
895,6,Spare Parts,2026-09-30,20.26
896,6,Spare Parts,2026-10-01,20.05
897,6,Spare Parts,2026-10-02,20.8
898,6,Spare Parts,2026-10-03,20.24
899,6,Spare Parts,2026-10-04,18.92
900,6,Spare Parts,2026-10-05,19.74
901,7,Fuel,2026-09-06,503.81
902,7,Fuel,2026-09-07,516.79
903,7,Fuel,2026-09-08,501.43
904,7,Fuel,2026-09-09,522.33
905,7,Fuel,2026-09-10,517.2
906,7,Fuel,2026-09-11,531.95
907,7,Fuel,2026-09-12,520.62
908,7,Fuel,2026-09-13,513.12
909,7,Fuel,2026-09-14,520.96
910,7,Fuel,2026-09-15,499.98
911,7,Fuel,2026-09-16,492.85
912,7,Fuel,2026-09-17,492.86
913,7,Fuel,2026-09-18,470.89
914,7,Fuel,2026-09-19,468.58
915,7,Fuel,2026-09-20,494.71
916,7,Fuel,2026-09-21,486.71
917,7,Fuel,2026-09-22,501.64
918,7,Fuel,2026-09-23,503.57
919,7,Fuel,2026-09-24,512.71
920,7,Fuel,2026-09-25,533.71
921,7,Fuel,2026-09-26,498.63
922,7,Fuel,2026-09-27,536.53
923,7,Fuel,2026-09-28,527.44
924,7,Fuel,2026-09-29,516.41
925,7,Fuel,2026-09-30,506.99
926,7,Fuel,2026-10-01,511.07
927,7,Fuel,2026-10-02,496.91
928,7,Fuel,2026-10-03,532.49
929,7,Fuel,2026-10-04,508.13
930,7,Fuel,2026-10-05,498.69
931,7,Food,2026-09-06,363.86
932,7,Food,2026-09-07,373.23
933,7,Food,2026-09-08,362.15
934,7,Food,2026-09-09,377.24
935,7,Food,2026-09-10,373.54
936,7,Food,2026-09-11,384.18
937,7,Food,2026-09-12,376.0
938,7,Food,2026-09-13,370.59
939,7,Food,2026-09-14,376.25
940,7,Food,2026-09-15,361.1
941,7,Food,2026-09-16,355.95
942,7,Food,2026-09-17,355.96
943,7,Food,2026-09-18,340.09
944,7,Food,2026-09-19,338.42
945,7,Food,2026-09-20,357.29
946,7,Food,2026-09-21,351.51
947,7,Food,2026-09-22,362.29
948,7,Food,2026-09-23,363.69
949,7,Food,2026-09-24,370.29
950,7,Food,2026-09-25,385.46
951,7,Food,2026-09-26,360.12
952,7,Food,2026-09-27,387.49
953,7,Food,2026-09-28,380.93
954,7,Food,2026-09-29,372.96
955,7,Food,2026-09-30,366.16
956,7,Food,2026-10-01,369.11
957,7,Food,2026-10-02,358.88
958,7,Food,2026-10-03,384.57
959,7,Food,2026-10-04,366.98
960,7,Food,2026-10-05,360.16
961,7,Water,2026-09-06,734.72
962,7,Water,2026-09-07,753.65
963,7,Water,2026-09-08,731.26
964,7,Water,2026-09-09,761.73
965,7,Water,2026-09-10,754.26
966,7,Water,2026-09-11,775.75
967,7,Water,2026-09-12,759.23
968,7,Water,2026-09-13,748.3
969,7,Water,2026-09-14,759.73
970,7,Water,2026-09-15,729.14
971,7,Water,2026-09-16,718.74
972,7,Water,2026-09-17,718.76
973,7,Water,2026-09-18,686.71
974,7,Water,2026-09-19,683.34
975,7,Water,2026-09-20,721.45
976,7,Water,2026-09-21,709.78
977,7,Water,2026-09-22,731.55
978,7,Water,2026-09-23,734.37
979,7,Water,2026-09-24,747.7
980,7,Water,2026-09-25,778.33
981,7,Water,2026-09-26,727.17
982,7,Water,2026-09-27,782.44
983,7,Water,2026-09-28,769.18
984,7,Water,2026-09-29,753.1
985,7,Water,2026-09-30,739.36
986,7,Water,2026-10-01,745.32
987,7,Water,2026-10-02,724.66
988,7,Water,2026-10-03,776.54
989,7,Water,2026-10-04,741.03
990,7,Water,2026-10-05,727.25
991,7,Medical,2026-09-06,45.48
992,7,Medical,2026-09-07,46.65
993,7,Medical,2026-09-08,45.27
994,7,Medical,2026-09-09,47.15
995,7,Medical,2026-09-10,46.69
996,7,Medical,2026-09-11,48.02
997,7,Medical,2026-09-12,47.0
998,7,Medical,2026-09-13,46.32
999,7,Medical,2026-09-14,47.03
1000,7,Medical,2026-09-15,45.14
1001,7,Medical,2026-09-16,44.49
1002,7,Medical,2026-09-17,44.49
1003,7,Medical,2026-09-18,42.51
1004,7,Medical,2026-09-19,42.3
1005,7,Medical,2026-09-20,44.66
1006,7,Medical,2026-09-21,43.94
1007,7,Medical,2026-09-22,45.29
1008,7,Medical,2026-09-23,45.46
1009,7,Medical,2026-09-24,46.29
1010,7,Medical,2026-09-25,48.18
1011,7,Medical,2026-09-26,45.02
1012,7,Medical,2026-09-27,48.44
1013,7,Medical,2026-09-28,47.62
1014,7,Medical,2026-09-29,46.62
1015,7,Medical,2026-09-30,45.77
1016,7,Medical,2026-10-01,46.14
1017,7,Medical,2026-10-02,44.86
1018,7,Medical,2026-10-03,48.07
1019,7,Medical,2026-10-04,45.87
1020,7,Medical,2026-10-05,45.02
1021,7,Spare Parts,2026-09-06,15.39
1022,7,Spare Parts,2026-09-07,15.79
1023,7,Spare Parts,2026-09-08,15.32
1024,7,Spare Parts,2026-09-09,15.96
1025,7,Spare Parts,2026-09-10,15.8
1026,7,Spare Parts,2026-09-11,16.25
1027,7,Spare Parts,2026-09-12,15.91
1028,7,Spare Parts,2026-09-13,15.68
1029,7,Spare Parts,2026-09-14,15.92
1030,7,Spare Parts,2026-09-15,15.28
1031,7,Spare Parts,2026-09-16,15.06
1032,7,Spare Parts,2026-09-17,15.06
1033,7,Spare Parts,2026-09-18,14.39
1034,7,Spare Parts,2026-09-19,14.32
1035,7,Spare Parts,2026-09-20,15.12
1036,7,Spare Parts,2026-09-21,14.87
1037,7,Spare Parts,2026-09-22,15.33
1038,7,Spare Parts,2026-09-23,15.39
1039,7,Spare Parts,2026-09-24,15.67
1040,7,Spare Parts,2026-09-25,16.31
1041,7,Spare Parts,2026-09-26,15.24
1042,7,Spare Parts,2026-09-27,16.39
1043,7,Spare Parts,2026-09-28,16.12
1044,7,Spare Parts,2026-09-29,15.78
1045,7,Spare Parts,2026-09-30,15.49
1046,7,Spare Parts,2026-10-01,15.62
1047,7,Spare Parts,2026-10-02,15.18
1048,7,Spare Parts,2026-10-03,16.27
1049,7,Spare Parts,2026-10-04,15.53
1050,7,Spare Parts,2026-10-05,15.24
1051,8,Fuel,2026-09-06,478.2
1052,8,Fuel,2026-09-07,464.14
1053,8,Fuel,2026-09-08,469.3
1054,8,Fuel,2026-09-09,476.24
1055,8,Fuel,2026-09-10,491.51
1056,8,Fuel,2026-09-11,477.63
1057,8,Fuel,2026-09-12,498.74
1058,8,Fuel,2026-09-13,485.43
1059,8,Fuel,2026-09-14,462.64
1060,8,Fuel,2026-09-15,479.71
1061,8,Fuel,2026-09-16,462.76
1062,8,Fuel,2026-09-17,458.93
1063,8,Fuel,2026-09-18,444.69
1064,8,Fuel,2026-09-19,454.18
1065,8,Fuel,2026-09-20,452.0
1066,8,Fuel,2026-09-21,455.73
1067,8,Fuel,2026-09-22,446.87
1068,8,Fuel,2026-09-23,463.23
1069,8,Fuel,2026-09-24,468.64
1070,8,Fuel,2026-09-25,467.85
1071,8,Fuel,2026-09-26,478.19
1072,8,Fuel,2026-09-27,474.75
1073,8,Fuel,2026-09-28,494.88
1074,8,Fuel,2026-09-29,486.24
1075,8,Fuel,2026-09-30,465.02
1076,8,Fuel,2026-10-01,474.94
1077,8,Fuel,2026-10-02,480.88
1078,8,Fuel,2026-10-03,468.64
1079,8,Fuel,2026-10-04,464.1
1080,8,Fuel,2026-10-05,459.13
1081,8,Food,2026-09-06,345.37
1082,8,Food,2026-09-07,335.21
1083,8,Food,2026-09-08,338.94
1084,8,Food,2026-09-09,343.95
1085,8,Food,2026-09-10,354.98
1086,8,Food,2026-09-11,344.96
1087,8,Food,2026-09-12,360.2
1088,8,Food,2026-09-13,350.59
1089,8,Food,2026-09-14,334.13
1090,8,Food,2026-09-15,346.46
1091,8,Food,2026-09-16,334.22
1092,8,Food,2026-09-17,331.45
1093,8,Food,2026-09-18,321.16
1094,8,Food,2026-09-19,328.02
1095,8,Food,2026-09-20,326.45
1096,8,Food,2026-09-21,329.14
1097,8,Food,2026-09-22,322.74
1098,8,Food,2026-09-23,334.55
1099,8,Food,2026-09-24,338.46
1100,8,Food,2026-09-25,337.89
1101,8,Food,2026-09-26,345.36
1102,8,Food,2026-09-27,342.88
1103,8,Food,2026-09-28,357.41
1104,8,Food,2026-09-29,351.17
1105,8,Food,2026-09-30,335.85
1106,8,Food,2026-10-01,343.01
1107,8,Food,2026-10-02,347.3
1108,8,Food,2026-10-03,338.46
1109,8,Food,2026-10-04,335.18
1110,8,Food,2026-10-05,331.59
1111,8,Water,2026-09-06,697.38
1112,8,Water,2026-09-07,676.86
1113,8,Water,2026-09-08,684.4
1114,8,Water,2026-09-09,694.51
1115,8,Water,2026-09-10,716.79
1116,8,Water,2026-09-11,696.55
1117,8,Water,2026-09-12,727.33
1118,8,Water,2026-09-13,707.92
1119,8,Water,2026-09-14,674.68
1120,8,Water,2026-09-15,699.57
1121,8,Water,2026-09-16,674.86
1122,8,Water,2026-09-17,669.27
1123,8,Water,2026-09-18,648.5
1124,8,Water,2026-09-19,662.35
1125,8,Water,2026-09-20,659.17
1126,8,Water,2026-09-21,664.61
1127,8,Water,2026-09-22,651.68
1128,8,Water,2026-09-23,675.54
1129,8,Water,2026-09-24,683.44
1130,8,Water,2026-09-25,682.28
1131,8,Water,2026-09-26,697.37
1132,8,Water,2026-09-27,692.35
1133,8,Water,2026-09-28,721.7
1134,8,Water,2026-09-29,709.1
1135,8,Water,2026-09-30,678.15
1136,8,Water,2026-10-01,692.62
1137,8,Water,2026-10-02,701.28
1138,8,Water,2026-10-03,683.43
1139,8,Water,2026-10-04,676.81
1140,8,Water,2026-10-05,669.56
1141,8,Medical,2026-09-06,43.12
1142,8,Medical,2026-09-07,41.85
1143,8,Medical,2026-09-08,42.32
1144,8,Medical,2026-09-09,42.94
1145,8,Medical,2026-09-10,44.32
1146,8,Medical,2026-09-11,43.07
1147,8,Medical,2026-09-12,44.97
1148,8,Medical,2026-09-13,43.77
1149,8,Medical,2026-09-14,41.72
1150,8,Medical,2026-09-15,43.26
1151,8,Medical,2026-09-16,41.73
1152,8,Medical,2026-09-17,41.38
1153,8,Medical,2026-09-18,40.1
1154,8,Medical,2026-09-19,40.95
1155,8,Medical,2026-09-20,40.76
1156,8,Medical,2026-09-21,41.09
1157,8,Medical,2026-09-22,40.29
1158,8,Medical,2026-09-23,41.77
1159,8,Medical,2026-09-24,42.26
1160,8,Medical,2026-09-25,42.19
1161,8,Medical,2026-09-26,43.12
1162,8,Medical,2026-09-27,42.81
1163,8,Medical,2026-09-28,44.62
1164,8,Medical,2026-09-29,43.84
1165,8,Medical,2026-09-30,41.93
1166,8,Medical,2026-10-01,42.83
1167,8,Medical,2026-10-02,43.36
1168,8,Medical,2026-10-03,42.26
1169,8,Medical,2026-10-04,41.85
1170,8,Medical,2026-10-05,41.4
1171,8,Spare Parts,2026-09-06,14.61
1172,8,Spare Parts,2026-09-07,14.18
1173,8,Spare Parts,2026-09-08,14.34
1174,8,Spare Parts,2026-09-09,14.55
1175,8,Spare Parts,2026-09-10,15.02
1176,8,Spare Parts,2026-09-11,14.59
1177,8,Spare Parts,2026-09-12,15.24
1178,8,Spare Parts,2026-09-13,14.83
1179,8,Spare Parts,2026-09-14,14.14
1180,8,Spare Parts,2026-09-15,14.66
1181,8,Spare Parts,2026-09-16,14.14
1182,8,Spare Parts,2026-09-17,14.02
1183,8,Spare Parts,2026-09-18,13.59
1184,8,Spare Parts,2026-09-19,13.88
1185,8,Spare Parts,2026-09-20,13.81
1186,8,Spare Parts,2026-09-21,13.93
1187,8,Spare Parts,2026-09-22,13.65
1188,8,Spare Parts,2026-09-23,14.15
1189,8,Spare Parts,2026-09-24,14.32
1190,8,Spare Parts,2026-09-25,14.3
1191,8,Spare Parts,2026-09-26,14.61
1192,8,Spare Parts,2026-09-27,14.51
1193,8,Spare Parts,2026-09-28,15.12
1194,8,Spare Parts,2026-09-29,14.86
1195,8,Spare Parts,2026-09-30,14.21
1196,8,Spare Parts,2026-10-01,14.51
1197,8,Spare Parts,2026-10-02,14.69
1198,8,Spare Parts,2026-10-03,14.32
1199,8,Spare Parts,2026-10-04,14.18
1200,8,Spare Parts,2026-10-05,14.03
