id,convoy_id,origin_id,destination_unit_id,cargo,quantity,departure,eta,status,delay_hours,risk_score
1,CON-021,2,3,Fuel,2500.0,2026-10-05T02:09:32.739882,2026-10-05T06:54:32.739882,DELAYED,4.0,72.0
2,CON-022,1,2,Food,3200.0,2026-10-05T01:09:32.739882,2026-10-05T05:09:32.739882,ON ROUTE,0.0,30.0
3,CON-023,3,5,Water,5000.0,2026-10-05T02:09:32.739882,2026-10-05T07:09:32.739882,DEPARTED,0.0,25.0
4,CON-024,4,6,Medical,900.0,2026-10-05T00:09:32.739882,2026-10-05T05:09:32.739882,ON ROUTE,0.0,35.0
5,CON-025,1,4,Fuel,1800.0,2026-10-05T03:09:32.739882,2026-10-05T06:09:32.739882,PLANNED,0.0,20.0
6,CON-026,2,8,Food,1600.0,2026-10-05T03:09:32.739882,2026-10-05T06:21:32.739882,LOADING,0.0,18.0
7,CON-027,3,7,Spare Parts,500.0,2026-10-05T03:09:32.739882,2026-10-05T05:39:32.739882,PLANNED,0.0,15.0
8,CON-028,4,1,Fuel,2200.0,2026-10-05T03:09:32.739882,2026-10-05T05:57:32.739882,ON ROUTE,0.0,22.0
9,CON-029,1,5,Water,4300.0,2026-10-05T03:09:32.739882,2026-10-05T06:15:32.739882,DEPARTED,0.0,25.0
10,CON-030,2,6,Food,2500.0,2026-10-05T03:09:32.739882,2026-10-05T06:39:32.739882,ON ROUTE,0.0,30.0
